Baidu	O
Inc	O
.	O
simply	O
known	O
as	O
Baidu	O
and	O
incorporated	O
on	O
January	O
18	O
,	O
2000	O
,	O
is	O
a	O
Chinese	O
search	O
engine	O
for	O
websites	O
,	O
audio	O
files	O
,	O
and	O
images	O
.	O
Baidu	O
offers	O
57	O
search	O
and	O
community	O
services	O
including	O
Baidu	O
Baike	O
,	O
an	O
online	O
collaboratively-built	O
encyclopedia	O
,	O
and	O
a	O
searchable	O
keyword-based	O
discussion	O
forum	O
.	O
-LRB-	O
4	O
-RRB-	O
Baidu	O
was	O
established	O
in	O
2000	O
by	O
co-founders	O
,	O
Robin	O
Li	O
and	O
Eric	O
Xu	O
.	O
Both	O
of	O
the	O
co-founders	O
are	O
Chinese	O
nationals	O
who	O
have	O
studied	O
and	O
worked	O
overseas	O
before	O
returning	O
to	O
China	O
.	O
Baidu	O
.	O
com	O
Inc	O
.	O
is	O
registered	O
in	O
the	O
Cayman	O
Islands	O
.	O
In	O
April	O
2010	O
,	O
Baidu	O
ranked	O
7th	O
overall	O
in	O
Alexa	O
's	O
internet	O
rankings	O
.	O
-LRB-	O
6	O
-RRB-	O
In	O
December	O
2007	O
,	O
Baidu	O
became	O
the	O
first	O
Chinese	O
company	O
to	O
be	O
included	O
in	O
the	O
NASDAQ-100	O
index	O
.	O
-LRB-	O
7	O
-RRB-	O
Baidu	O
provides	O
an	O
index	O
of	O
over	O
740	O
million	O
web	O
pages	O
,	O
80	O
million	O
images	O
,	O
and	O
10	O
million	O
multimedia	O
files	O
.	O
-LRB-	O
8	O
-RRB-	O
Baidu	O
offers	O
multi-media	O
content	O
including	O
MP3	O
music	O
and	O
movies	O
,	O
and	O
is	O
the	O
first	O
in	O
China	O
to	O
offer	O
WAP	O
and	O
PDA-based	O
mobile	O
search	O
.	O
The	O
name	O
"	O
Baidu	O
"	O
is	O
a	O
quote	O
from	O
the	O
last	O
line	O
of	O
Xin	O
Qiji	O
's	O
classical	O
poem	O
"	O
Green	O
Jade	O
Table	O
in	O
The	O
Lantern	O
Festival	O
"	O
saying	O
:	O
"	O
Having	O
searched	O
for	O
him	O
hundreds	O
and	O
thousands	O
of	O
times	O
in	O
the	O
crowd	O
,	O
suddenly	O
turning	O
back	O
by	O
chance	O
,	O
I	O
find	O
him	O
there	O
in	O
the	O
dimmest	O
candlelight	O
.	O
"	O
The	O
context	O
of	O
the	O
poem	O
is	O
that	O
in	O
ancient	O
China	O
,	O
girls	O
had	O
to	O
stay	O
indoors	O
and	O
the	O
Lantern	O
Festival	O
was	O
one	O
of	O
the	O
few	O
times	O
they	O
could	O
come	O
out	O
.	O
In	O
the	O
sea	O
and	O
chaos	O
of	O
lantern	O
lights	O
,	O
they	O
would	O
sneak	O
away	O
to	O
meet	O
their	O
love	O
and	O
exchange	O
promises	O
to	O
meet	O
again	O
next	O
year	O
.	O
A	O
summary	O
of	O
the	O
entire	O
poem	O
:	O
Flowers	O
bursting	O
into	O
bloom	O
in	O
the	O
sky	O
,	O
stars	O
falling	O
like	O
rain	O
(	O
fireworks/meteor	O
shower	O
)	O
,	O
Whole	O
streets	O
filled	O
with	O
perfume	O
,	O
jeweled	O
horses	O
pulling	O
ornate	O
carriages	O
,	O
fish	O
and	O
dragon	O
lanterns	O
dancing	O
throughout	O
the	O
entire	O
night	O
.	O
A	O
body	O
decorated	O
with	O
golden	O
thread	O
and	O
butterfly	O
trinket	O
,	O
laughter	O
that	O
has	O
a	O
subtle	O
fragrance	O
.	O
Having	O
searched	O
for	O
this	O
person	O
until	O
exhaustion	O
,	O
when	O
suddenly	O
turning	O
back	O
by	O
chance	O
,	O
I	O
find	O
him	O
standing	O
lonely	O
in	O
the	O
far	O
end	O
of	O
the	O
street	O
in	O
the	O
waning	O
light	O
.	O
In	O
1994	O
,	O
Robin	O
Li	O
joined	O
IDD	O
Information	O
Services	O
,	O
a	O
New	O
Jersey	O
division	O
of	O
Dow	O
Jones	O
and	O
Company	O
,	O
where	O
he	O
helped	O
develop	O
a	O
software	O
program	O
for	O
the	O
online	O
edition	O
of	O
the	O
Wall	O
Street	O
Journal	O
.	O
-LRB-	O
11	O
-RRB-	O
He	O
also	O
did	O
work	O
on	O
better	O
algorithms	O
for	O
search	O
engines	O
.	O
He	O
remained	O
at	O
IDD	O
Information	O
Services	O
from	O
May	O
1994	O
to	O
June	O
1997	O
.	O
In	O
1996	O
,	O
while	O
at	O
IDD	O
,	O
Li	O
developed	O
the	O
RankDex	O
site-scoring	O
algorithm	O
for	O
search	O
engines	O
results	O
page	O
ranking	O
-LRB-	O
12	O
-RRB-	O
-LRB-	O
13	O
-RRB-	O
-LRB-	O
14	O
-RRB-	O
and	O
received	O
a	O
US	O
patent	O
for	O
the	O
technology	O
.	O
-LRB-	O
15	O
-RRB-	O
He	O
later	O
used	O
this	O
technology	O
for	O
the	O
Baidu	O
search	O
engine	O
.	O
Baidu	O
focuses	O
on	O
generating	O
revenues	O
primarily	O
from	O
online	O
marketing	O
services	O
.	O
Baidu	O
's	O
Pay	O
for	O
placement	O
(	O
P4P	O
)	O
platform	O
enables	O
its	O
customers	O
to	O
reach	O
users	O
who	O
search	O
for	O
information	O
related	O
to	O
their	O
products	O
or	O
services	O
.	O
Customers	O
use	O
automated	O
online	O
tools	O
to	O
create	O
text-based	O
descriptions	O
of	O
their	O
web	O
pages	O
and	O
bid	O
on	O
keywords	O
that	O
trigger	O
the	O
display	O
of	O
their	O
webpage	O
information	O
and	O
link	O
.	O
Baidu	O
's	O
P4P	O
platform	O
features	O
an	O
automated	O
online	O
sign-up	O
process	O
that	O
customers	O
use	O
to	O
activate	O
their	O
accounts	O
at	O
any	O
time	O
.	O
The	O
P4P	O
platform	O
is	O
an	O
online	O
marketplace	O
that	O
introduces	O
Internet	O
search	O
users	O
to	O
customers	O
who	O
bid	O
for	O
priority	O
placement	O
in	O
the	O
search	O
results	O
.	O
Baidu	O
also	O
uses	O
third-party	O
distributors	O
to	O
sell	O
some	O
of	O
its	O
online	O
marketing	O
services	O
to	O
end	O
customers	O
and	O
offers	O
discounts	O
to	O
these	O
distributors	O
in	O
consideration	O
of	O
their	O
services	O
.	O
Baidu	O
offers	O
certain	O
consultative	O
services	O
,	O
such	O
as	O
keyword	O
suggestions	O
,	O
account	O
management	O
and	O
performance	O
reporting	O
.	O
Baidu	O
suggests	O
synonyms	O
and	O
associated	O
phrases	O
to	O
use	O
as	O
keywords	O
or	O
text	O
in	O
search	O
listings	O
.	O
These	O
suggestions	O
can	O
improve	O
click-through	O
rates	O
of	O
the	O
customer	O
's	O
listing	O
and	O
increase	O
the	O
likelihood	O
that	O
a	O
user	O
will	O
enter	O
into	O
a	O
transaction	O
with	O
the	O
customer	O
.	O
Baidu	O
also	O
provides	O
online	O
daily	O
reports	O
of	O
the	O
number	O
of	O
click	O
throughs	O
,	O
clicked	O
keywords	O
and	O
the	O
total	O
costs	O
incurred	O
,	O
as	O
well	O
as	O
statistical	O
reports	O
organized	O
by	O
geographic	O
region	O
.	O
Baidu	O
is	O
the	O
No	O
.	O
1	O
search	O
engine	O
in	O
China	O
,	O
controlling	O
63	O
percent	O
of	O
China	O
's	O
market	O
share	O
as	O
of	O
January	O
2010	O
,	O
according	O
to	O
iResearch	O
.	O
-LRB-	O
22	O
-RRB-	O
The	O
number	O
of	O
Internet	O
users	O
in	O
China	O
rose	O
to	O
338	O
million	O
by	O
the	O
end	O
of	O
June	O
2009	O
,	O
according	O
to	O
a	O
report	O
by	O
the	O
China	O
Internet	O
Network	O
Information	O
Center	O
.	O
-LRB-	O
23	O
-RRB-	O
In	O
an	O
August	O
2010	O
Wall	O
Street	O
Journal	O
article	O
,	O
-LRB-	O
24	O
-RRB-	O
Baidu	O
has	O
played	O
down	O
its	O
benefit	O
from	O
Google	O
's	O
moving	O
its	O
China	O
search	O
service	O
to	O
Hong	O
Kong	O
,	O
but	O
Baidu	O
's	O
share	O
of	O
revenue	O
in	O
China	O
's	O
search—advertising	O
market	O
grew	O
six	O
percentage	O
points	O
in	O
the	O
second	O
quarter	O
to	O
70%	O
,	O
according	O
to	O
Beijing	O
based	O
research	O
firm	O
Analysys	O
International	O
.	O
Industrial	O
and	O
Commercial	O
Bank	O
of	O
China	O
Ltd	O
.	O
(	O
ICBC	O
)	O
is	O
the	O
largest	O
bank	O
in	O
the	O
world	O
by	O
market	O
capitalization	O
.	O
It	O
is	O
one	O
of	O
China	O
's	O
'Big	O
Four'	O
state-owned	O
commercial	O
banks	O
(	O
the	O
other	O
three	O
being	O
the	O
Bank	O
of	O
China	O
,	O
Agricultural	O
Bank	O
of	O
China	O
,	O
and	O
China	O
Construction	O
Bank	O
)	O
.	O
It	O
was	O
founded	O
as	O
a	O
limited	O
company	O
on	O
January	O
1	O
,	O
1984	O
.	O
As	O
of	O
2009	O
,	O
it	O
had	O
assets	O
of	O
RMB	O
11	O
trillion	O
(	O
US$1	O
.	O
6	O
trillion	O
)	O
,	O
with	O
over	O
18	O
,	O
000	O
outlets	O
including	O
106	O
overseas	O
branches	O
and	O
agents	O
globally	O
.	O
-LRB-	O
4	O
-RRB-	O
This	O
article	O
or	O
section	O
may	O
be	O
slanted	O
towards	O
recent	O
events	O
.	O
Please	O
try	O
to	O
keep	O
recent	O
events	O
in	O
historical	O
perspective	O
.	O
(	O
September	O
2009	O
)	O
The	O
bank	O
's	O
Hong	O
Kong	O
operations	O
are	O
listed	O
under	O
the	O
name	O
ICBC	O
Asia	O
.	O
It	O
has	O
purchased	O
the	O
Hong	O
Kong	O
subsidiary	O
of	O
Fortis	O
Bank	O
and	O
rebranded	O
it	O
under	O
its	O
own	O
name	O
on	O
10	O
October	O
2005	O
.	O
In	O
the	O
runup	O
to	O
its	O
planned	O
initial	O
public	O
offering	O
,	O
on	O
28	O
April	O
2006	O
,	O
three	O
"	O
strategic	O
investors	O
"	O
injected	O
US$3	O
.	O
7	O
billion	O
into	O
ICBC	O
.	O
Goldman	O
Sachs	O
purchased	O
a	O
5	O
.	O
75%	O
stake	O
for	O
US$2	O
.	O
6	O
billion	O
,	O
the	O
largest	O
sum	O
Goldman	O
Sachs	O
has	O
ever	O
invested	O
.	O
Dresdner	O
Bank	O
(	O
a	O
wholly	O
owned	O
subsidiary	O
of	O
Commerzbank	O
)	O
invested	O
US$1	O
billion	O
.	O
-LRB-	O
6	O
-RRB-	O
American	O
Express	O
invested	O
US$200	O
million	O
.	O
-LRB-	O
6	O
-RRB-	O
ICBC	O
was	O
simultaneously	O
listed	O
on	O
both	O
the	O
Hong	O
Kong	O
Stock	O
Exchange	O
and	O
Shanghai	O
Stock	O
Exchange	O
on	O
27	O
October	O
2006	O
.	O
It	O
was	O
the	O
world	O
's	O
largest	O
IPO	O
at	O
that	O
time	O
valued	O
at	O
US$21	O
.	O
9	O
billion	O
,	O
surpassing	O
the	O
previous	O
record	O
US$18	O
.	O
4	O
billion	O
IPO	O
by	O
Japan	O
's	O
NTT	O
DoCoMo	O
in	O
1998	O
.	O
China	O
's	O
largest	O
commercial	O
bank	O
was	O
also	O
the	O
first	O
company	O
to	O
debut	O
simultaneously	O
on	O
both	O
the	O
Hong	O
Kong	O
and	O
Shanghai	O
stock	O
exchanges	O
.	O
ICBCraised	O
at	O
least	O
US$14	O
billion	O
in	O
Hong	O
Kong	O
(	O
H-shares	O
)	O
and	O
another	O
US$5	O
.	O
1	O
billion	O
in	O
Shanghai	O
(	O
A-shares	O
)	O
.	O
Due	O
to	O
heavy	O
subscriptions	O
,	O
the	O
greenshoe	O
(	O
i	O
.	O
e	O
.	O
over-allotment	O
)	O
placements	O
were	O
exercised	O
and	O
ICBC	O
's	O
take	O
rose	O
to	O
US$21	O
.	O
9	O
billion	O
(	O
17%	O
of	O
ICBC	O
's	O
market	O
value	O
before	O
the	O
IPO	O
)	O
,	O
divided	O
in	O
US$16	O
billion	O
in	O
Hong	O
Kong	O
and	O
US$5	O
.	O
9	O
billion	O
in	O
Shanghai	O
.	O
Following	O
the	O
global	O
offering	O
,	O
the	O
free	O
float	O
of	O
shares	O
was	O
22	O
.	O
14%	O
of	O
the	O
market	O
capitalization	O
.	O
At	O
the	O
end	O
of	O
its	O
first	O
day	O
of	O
trading	O
,	O
the	O
bank	O
's	O
shares	O
closed	O
up	O
almost	O
15%	O
at	O
HK$3	O
.	O
52	O
in	O
Hong	O
Kong	O
,	O
compared	O
with	O
the	O
listing	O
price	O
of	O
HK$3	O
.	O
07	O
,	O
which	O
was	O
set	O
at	O
the	O
top	O
of	O
the	O
indicative	O
range	O
due	O
to	O
the	O
strong	O
demand	O
.	O
According	O
to	O
Bloomberg	O
,	O
ICBC	O
's	O
market	O
capitalisation	O
at	O
the	O
end	O
of	O
trade	O
based	O
on	O
its	O
Hong	O
Kong	O
shares	O
was	O
US$156	O
.	O
3	O
billion	O
,	O
making	O
its	O
equity	O
the	O
world	O
's	O
fifth	O
highest	O
among	O
banks	O
,	O
just	O
behind	O
JPMorgan	O
Chase	O
.	O
Meanwhile	O
,	O
ICBC	O
's	O
A-shares	O
recorded	O
more	O
modest	O
gains	O
and	O
ended	O
up	O
5	O
.	O
1%	O
from	O
the	O
offering	O
price	O
of	O
RMB	O
3	O
.	O
12	O
.	O
In	O
August	O
2008	O
,	O
ICBC	O
became	O
the	O
second	O
Chinese	O
bank	O
since	O
1991	O
to	O
gain	O
federal	O
approval	O
to	O
establish	O
a	O
branch	O
inNew	O
York	O
City	O
.	O
-LRB-	O
8	O
-RRB-	O
ICBC	O
has	O
2	O
.	O
5	O
million	O
corporate	O
customers	O
and	O
150	O
million	O
individual	O
customers	O
.	O
-LRB-	O
9	O
-RRB-	O
In	O
2005	O
,	O
net	O
profit	O
was	O
up	O
12	O
.	O
4%	O
to	O
RMB	O
33	O
.	O
7	O
billion	O
,	O
and	O
the	O
total	O
loan	O
balance	O
was	O
RMB	O
3	O
,	O
289	O
.	O
5	O
billion	O
.	O
Total	O
liabilities	O
are	O
RMB	O
6	O
,	O
196	O
.	O
2	O
billion	O
,	O
up	O
11	O
.	O
2%	O
.	O
Delinquent	O
or	O
non-performing	O
loans	O
(	O
NPL	O
)	O
total	O
RMB	O
154	O
.	O
4	O
billion	O
,	O
a	O
significant	O
reduction	O
although	O
the	O
figures	O
are	O
widely	O
regarded	O
as	O
being	O
somewhat	O
higher	O
than	O
officially	O
stated	O
.	O
It	O
has	O
an	O
NPL	O
ratio	O
of	O
4	O
.	O
69%	O
and	O
a	O
capital	O
adequacy	O
ratio	O
of	O
9	O
.	O
89%	O
.	O
As	O
of	O
June	O
29	O
,	O
2009	O
,	O
ICBC	O
is	O
ranked	O
the	O
17th	O
largest	O
bank	O
in	O
the	O
world	O
by	O
assets	O
and	O
8th	O
in	O
the	O
world	O
by	O
tier	O
1	O
capital	O
.	O
-LRB-	O
10	O
-RRB-	O
In	O
July	O
2007	O
it	O
was	O
ranked	O
30th	O
in	O
the	O
world	O
in	O
terms	O
of	O
revenue	O
.	O
At	O
the	O
end	O
of	O
2004	O
,	O
19	O
.	O
1%	O
of	O
ICBC	O
's	O
portfolio	O
consisted	O
of	O
non-performing	O
loans	O
.	O
-LRB-	O
12	O
-RRB-	O
In	O
order	O
to	O
clean	O
up	O
ICBC	O
's	O
balance	O
sheet	O
and	O
prepare	O
it	O
for	O
overseas	O
listing	O
,	O
the	O
Chinese	O
government	O
orchestrated	O
a	O
series	O
of	O
capital	O
injections	O
,	O
asset	O
transfers	O
,	O
and	O
government-subsidised	O
bad	O
loan	O
disposals	O
that	O
eventually	O
cost	O
more	O
than	O
US$162	O
billion	O
.	O
-LRB-	O
13	O
-RRB-	O
This	O
included	O
an	O
approval	O
for	O
a	O
cash	O
injection	O
of	O
US$15	O
billion	O
(	O
financed	O
from	O
China	O
's	O
massive	O
foreign	O
exchange	O
reserves	O
)	O
on	O
28	O
April	O
2005	O
.	O
-LRB-	O
14	O
-RRB-	O
The	O
Beijing	O
based	O
state	O
company	O
,	O
China	O
Huarong	O
,	O
helped	O
ICBC	O
dispose	O
of	O
its	O
bad	O
loans	O
.	O
As	O
the	O
2005	O
annual	O
report	O
records	O
,	O
just	O
under	O
5%	O
of	O
loans	O
are	O
classified	O
as	O
non-performing	O
,	O
in	O
comparison	O
with	O
the	O
majority	O
of	O
western	O
banks	O
who	O
have	O
lower	O
NPL	O
ratios	O
(	O
US	O
commercial	O
banks	O
around	O
1%	O
)	O
.	O
-LRB-	O
15	O
-RRB-	O
Microsoft	O
Corporation	O
is	O
a	O
public	O
multinational	O
corporation	O
headquartered	O
in	O
Redmond	O
,	O
Washington	O
,	O
USA	O
that	O
develops	O
,	O
manufactures	O
,	O
licenses	O
,	O
and	O
supports	O
a	O
wide	O
range	O
of	O
products	O
and	O
services	O
predominantly	O
related	O
to	O
computing	O
through	O
its	O
various	O
product	O
divisions	O
.	O
Established	O
on	O
April	O
4	O
,	O
1975	O
to	O
develop	O
and	O
sell	O
BASIC	O
interpreters	O
for	O
the	O
Altair	O
8800	O
,	O
Microsoft	O
rose	O
to	O
dominate	O
the	O
home	O
computer	O
operating	O
system	O
(	O
OS	O
)	O
market	O
with	O
MS-DOS	O
in	O
the	O
mid-1980s	O
,	O
followed	O
by	O
the	O
Microsoft	O
Windows	O
line	O
of	O
OSs	O
.	O
Microsoft	O
would	O
also	O
come	O
to	O
dominate	O
the	O
office	O
suite	O
market	O
with	O
Microsoft	O
Office	O
.	O
The	O
company	O
has	O
diversified	O
in	O
recent	O
years	O
into	O
the	O
video	O
game	O
industry	O
with	O
the	O
Xbox	O
and	O
its	O
successor	O
,	O
the	O
Xbox	O
360	O
as	O
well	O
as	O
into	O
the	O
consumer	O
electronics	O
market	O
with	O
Zune	O
and	O
the	O
Windows	O
Phone	O
OS	O
.	O
The	O
ensuing	O
rise	O
of	O
stock	O
in	O
the	O
company	O
's	O
1986	O
initial	O
public	O
offering	O
(	O
IPO	O
)	O
made	O
an	O
estimated	O
four	O
billionaires	O
and	O
12	O
,	O
000	O
millionaires	O
from	O
Microsoft	O
employees	O
.	O
Primarily	O
in	O
the	O
1990s	O
,	O
critics	O
contend	O
the	O
company	O
used	O
monopolistic	O
business	O
practices	O
and	O
anti-competitive	O
strategies	O
including	O
refusal	O
to	O
deal	O
and	O
tying	O
,	O
put	O
unreasonable	O
restrictions	O
in	O
the	O
use	O
of	O
its	O
software	O
,	O
and	O
used	O
misrepresentative	O
marketing	O
tactics;	O
both	O
the	O
U	O
.	O
S	O
.	O
Department	O
of	O
Justice	O
and	O
European	O
Commission	O
found	O
the	O
company	O
in	O
violation	O
of	O
antitrust	O
laws	O
.	O
Known	O
for	O
its	O
interviewing	O
process	O
with	O
obscure	O
questions	O
,	O
various	O
studies	O
and	O
ratings	O
were	O
generally	O
favorable	O
to	O
Microsoft	O
's	O
diversity	O
within	O
the	O
company	O
as	O
well	O
as	O
its	O
overall	O
environmental	O
impact	O
with	O
the	O
exception	O
of	O
the	O
electronics	O
portion	O
of	O
the	O
business	O
.	O
Paul	O
Allen	O
and	O
Bill	O
Gates	O
(	O
respectively	O
)	O
on	O
October	O
19	O
,	O
1981	O
in	O
a	O
sea	O
of	O
PCs	O
after	O
signing	O
a	O
pivotal	O
contract	O
.	O
IBM	O
called	O
Microsoft	O
in	O
July	O
1980	O
inquiring	O
about	O
programming	O
languages	O
for	O
its	O
upcoming	O
PC	O
line	O
after	O
failed	O
negotiations	O
with	O
another	O
company	O
,	O
IBM	O
gave	O
Microsoft	O
a	O
contract	O
to	O
develop	O
the	O
OS	O
for	O
the	O
new	O
line	O
of	O
PCs	O
.	O
Paul	O
Allen	O
and	O
Bill	O
Gates	O
,	O
childhood	O
friends	O
with	O
a	O
passion	O
in	O
computer	O
programming	O
,	O
were	O
seeking	O
to	O
make	O
a	O
successful	O
business	O
utilizing	O
their	O
shared	O
skills	O
.	O
The	O
January	O
1975	O
issue	O
of	O
Popular	O
Electronics	O
featured	O
Micro	O
Instrumentation	O
and	O
Telemetry	O
Systems	O
's	O
(	O
MITS	O
)	O
Altair	O
8800	O
microcomputer	O
.	O
Allen	O
noticed	O
that	O
they	O
could	O
program	O
a	O
BASIC	O
interpreter	O
for	O
the	O
device;	O
after	O
a	O
call	O
from	O
Gates	O
claiming	O
to	O
have	O
a	O
working	O
interpreter	O
,	O
MITS	O
requested	O
a	O
demonstration	O
.	O
Since	O
they	O
didn't	O
actually	O
have	O
one	O
,	O
Allen	O
worked	O
on	O
a	O
simulator	O
for	O
the	O
Altair	O
while	O
Gates	O
developed	O
the	O
interpreter	O
.	O
Although	O
they	O
developed	O
the	O
interpreter	O
on	O
a	O
simulator	O
and	O
not	O
the	O
actual	O
device	O
,	O
the	O
interpreter	O
worked	O
flawlessly	O
when	O
they	O
demonstrated	O
the	O
interpreter	O
to	O
MITS	O
in	O
Albuquerque	O
,	O
New	O
Mexico	O
in	O
March	O
1975;	O
MITS	O
agreed	O
to	O
distribute	O
it	O
,	O
marketing	O
it	O
as	O
Altair	O
BASIC	O
.	O
They	O
officially	O
established	O
Microsoft	O
on	O
April	O
4	O
,	O
1975	O
,	O
with	O
Gates	O
as	O
the	O
CEO	O
.	O
In	O
August	O
1977	O
the	O
company	O
formed	O
an	O
agreement	O
with	O
ASCII	O
Magazine	O
in	O
Japan	O
,	O
resulting	O
in	O
its	O
first	O
international	O
office	O
.	O
The	O
company	O
moved	O
to	O
a	O
new	O
home	O
in	O
Bellevue	O
,	O
Washington	O
in	O
January	O
1979	O
.	O
Microsoft	O
entered	O
the	O
OS	O
business	O
in	O
1980	O
with	O
its	O
own	O
version	O
of	O
Unix	O
,	O
called	O
Xenix	O
.	O
However	O
,	O
it	O
was	O
DOS	O
(	O
Disk	O
Operating	O
System	O
)	O
that	O
solidified	O
the	O
company	O
's	O
dominance	O
.	O
After	O
negotiations	O
with	O
Digital	O
Research	O
failed	O
,	O
IBM	O
awarded	O
a	O
contract	O
to	O
Microsoft	O
to	O
provide	O
a	O
version	O
of	O
the	O
CP/MOS	O
,	O
which	O
was	O
set	O
to	O
be	O
used	O
in	O
the	O
upcoming	O
IBM	O
Personal	O
Computer	O
.	O
For	O
this	O
deal	O
,	O
Microsoft	O
purchased	O
a	O
CP/M	O
clone	O
called	O
86-DOS	O
from	O
Seattle	O
Computer	O
Products	O
,	O
branding	O
it	O
as	O
MS-DOS	O
,	O
which	O
IBM	O
rebranded	O
to	O
PC-DOS	O
.	O
Following	O
the	O
release	O
of	O
the	O
IBM	O
PC	O
in	O
August	O
1981	O
,	O
Microsoft	O
retained	O
ownership	O
of	O
MS-DOS	O
.	O
Since	O
IBM	O
copyrighted	O
the	O
IBM	O
PC	O
BIOS	O
,	O
other	O
companies	O
had	O
to	O
reverse	O
engineer	O
it	O
in	O
order	O
for	O
hardware	O
to	O
run	O
as	O
IBM	O
PC	O
compatibles	O
,	O
but	O
no	O
such	O
restriction	O
applied	O
to	O
the	O
operating	O
systems	O
.	O
Due	O
to	O
various	O
factors	O
,	O
such	O
as	O
MS-DOS	O
's	O
available	O
software	O
selection	O
,	O
Microsoft	O
eventually	O
became	O
the	O
leading	O
PC	O
OS	O
vendor	O
.	O
Paul	O
Allen	O
resigned	O
from	O
Microsoft	O
in	O
February	O
after	O
developing	O
Hodgkin	O
's	O
disease	O
.	O
-LRB-	O
9	O
-RRB-	O
The	O
sign	O
at	O
a	O
main	O
entrance	O
to	O
the	O
Microsoft	O
corporate	O
campus	O
in	O
Redmond	O
.	O
In	O
May	O
2005	O
the	O
campus	O
stretched	O
more	O
than	O
750	O
,	O
000	O
m2	O
(	O
approx	O
.	O
8	O
million	O
square	O
feet	O
)	O
and	O
contained	O
over	O
30	O
,	O
000	O
employees	O
.	O
While	O
jointly	O
developing	O
a	O
new	O
OS	O
with	O
IBM	O
in	O
1985	O
,	O
OS/2	O
,	O
Microsoft	O
released	O
Microsoft	O
Windows	O
,	O
a	O
graphical	O
extension	O
for	O
MS-DOS	O
,	O
on	O
November	O
20	O
.	O
Microsoft	O
moved	O
its	O
headquarters	O
to	O
Redmond	O
on	O
February	O
26	O
,	O
1986	O
,	O
and	O
on	O
March	O
13	O
the	O
company	O
went	O
public;the	O
ensuing	O
rise	O
in	O
the	O
tock	O
would	O
make	O
an	O
estimated	O
four	O
billionaires	O
and	O
12	O
,	O
000	O
millionaires	O
from	O
Microsoft	O
employees	O
.	O
Due	O
to	O
the	O
partnership	O
with	O
IBM	O
,	O
in	O
1990	O
the	O
Federal	O
Trade	O
Commission	O
set	O
its	O
eye	O
on	O
Microsoft	O
for	O
possible	O
collusion;	O
it	O
marked	O
the	O
beginning	O
of	O
over	O
a	O
decade	O
of	O
legal	O
clashes	O
with	O
the	O
U	O
.	O
S	O
.	O
Government	O
.	O
Microsoft	O
announced	O
the	O
release	O
of	O
its	O
version	O
of	O
OS/2	O
to	O
original	O
equipment	O
manufacturers	O
(	O
OEMs	O
)	O
on	O
April	O
2	O
,	O
1987;meanwhile	O
,	O
the	O
company	O
was	O
at	O
work	O
on	O
a	O
32-bit	O
OS	O
,	O
Microsoft	O
Windows	O
NT	O
,	O
using	O
ideas	O
from	O
OS/2;	O
it	O
shipped	O
on	O
July	O
21	O
,	O
1993	O
with	O
a	O
new	O
modular	O
kernel	O
and	O
the	O
Win32	O
application	O
programming	O
interface	O
(	O
API	O
)	O
,	O
making	O
porting	O
from	O
16-bit	O
(	O
MS-DOS-based	O
)	O
Windows	O
easier	O
.	O
Once	O
Microsoft	O
informed	O
IBM	O
of	O
NT	O
,	O
the	O
OS/2	O
partnership	O
deteriorated	O
.	O
Microsoft	O
introduced	O
its	O
office	O
suitem	O
in	O
1990	O
.	O
The	O
software	O
bundled	O
separate	O
office	O
productivity	O
applications	O
,	O
such	O
as	O
Microsoft	O
Word	O
and	O
Microsoft	O
Excel	O
.	O
On	O
May	O
22	O
Microsoft	O
launched	O
Windows	O
3	O
.	O
0	O
with	O
a	O
streamlined	O
user	O
interface	O
graphics	O
and	O
improved	O
protected	O
mode	O
capability	O
for	O
the	O
Intel	O
386	O
processor	O
.	O
Both	O
Office	O
and	O
Windows	O
became	O
dominant	O
in	O
their	O
respective	O
areas	O
.	O
Novell	O
,	O
a	O
Word	O
competitor	O
from	O
1984?1986	O
,	O
filed	O
a	O
lawsuit	O
years	O
later	O
claiming	O
that	O
Microsoft	O
left	O
part	O
of	O
its	O
APIs	O
undocumented	O
in	O
order	O
to	O
gain	O
a	O
competitive	O
advantage	O
.	O
Bill	O
Gates	O
giving	O
his	O
deposition	O
in	O
1998	O
for	O
the	O
United	O
States	O
v	O
.	O
Microsoft	O
trial	O
.	O
Once	O
the	O
U	O
.	O
S	O
.	O
Department	O
of	O
Justice	O
1993	O
took	O
over	O
from	O
the	O
Federal	O
Trade	O
Commission	O
,	O
a	O
protracted	O
legal	O
wrangling	O
between	O
Microsoft	O
and	O
the	O
department	O
ensued	O
,	O
resulting	O
in	O
various	O
settlements	O
and	O
possible	O
blocked	O
mergers	O
.	O
Microsoft	O
would	O
point	O
to	O
companies	O
such	O
as	O
AOL-Time	O
Warner	O
in	O
its	O
defense	O
.	O
Following	O
Bill	O
Gates	O
's	O
internal	O
"	O
Internet	O
Tidal	O
Wave	O
memo	O
"	O
on	O
May	O
26	O
,	O
1995	O
Microsoft	O
began	O
to	O
redefine	O
its	O
offerings	O
and	O
expand	O
its	O
product	O
line	O
into	O
computer	O
networking	O
and	O
the	O
World	O
Wide	O
Web	O
.	O
The	O
company	O
released	O
Windows	O
95	O
on	O
August	O
24	O
,	O
1995	O
,	O
featuring	O
pre-emptive	O
multitasking	O
,	O
a	O
completely	O
new	O
user	O
interface	O
with	O
a	O
novel	O
start	O
button	O
,	O
and	O
32-bit	O
compatibility;	O
similar	O
to	O
NT	O
,	O
it	O
provided	O
the	O
Win32	O
API	O
.	O
Windows	O
95	O
came	O
bundled	O
with	O
the	O
online	O
service	O
MSN	O
,	O
and	O
for	O
OEMs	O
Internet	O
Explorer	O
,	O
a	O
web	O
browser	O
.	O
Internet	O
Explorer	O
was	O
not	O
bundled	O
with	O
the	O
retail	O
Windows	O
95	O
boxes	O
because	O
the	O
boxes	O
were	O
printed	O
before	O
the	O
team	O
finished	O
the	O
web	O
browser	O
,	O
and	O
instead	O
was	O
included	O
in	O
the	O
Windows	O
95	O
Plus!	O
pack	O
.	O
Branching	O
out	O
into	O
new	O
markets	O
in	O
1996	O
,	O
Microsoft	O
and	O
NBC	O
Universal	O
created	O
a	O
new	O
24/7	O
cable	O
news	O
station	O
,	O
MSNBC	O
.	O
Microsoft	O
created	O
Windows	O
CE	O
1	O
.	O
0	O
,	O
a	O
new	O
OS	O
designed	O
for	O
devices	O
with	O
low	O
memory	O
and	O
other	O
constraints	O
,	O
such	O
as	O
personal	O
digital	O
assistants	O
.	O
In	O
October	O
1997	O
,	O
the	O
Justice	O
Department	O
filed	O
a	O
motion	O
in	O
the	O
Federal	O
District	O
Court	O
,	O
stating	O
that	O
Microsoft	O
violated	O
an	O
agreement	O
signed	O
in	O
1994	O
and	O
asked	O
the	O
court	O
to	O
stop	O
the	O
bundling	O
of	O
Internet	O
Explorer	O
with	O
Windows	O
.	O
Bill	O
Gates	O
handed	O
over	O
the	O
CEO	O
position	O
on	O
January	O
13	O
,	O
2000	O
to	O
Steve	O
Ballmer	O
,	O
an	O
old	O
college	O
friend	O
of	O
Gates	O
and	O
employee	O
of	O
the	O
company	O
since	O
1980	O
,	O
creating	O
a	O
new	O
position	O
for	O
himself	O
as	O
Chief	O
Software	O
Architect	O
.	O
Various	O
companies	O
including	O
Microsoft	O
formed	O
the	O
Trusted	O
Computing	O
Platform	O
Alliance	O
in	O
October	O
1999	O
to	O
,	O
among	O
other	O
things	O
,	O
increase	O
security	O
and	O
protect	O
intellectual	O
property	O
through	O
identifying	O
changes	O
in	O
hardware	O
and	O
software	O
.	O
Critics	O
decry	O
the	O
alliance	O
as	O
a	O
way	O
enforce	O
indiscriminate	O
restrictions	O
over	O
how	O
consumers	O
use	O
software	O
,	O
and	O
over	O
how	O
computers	O
behave	O
,	O
a	O
form	O
of	O
digital	O
rights	O
management;	O
for	O
example	O
the	O
scenario	O
where	O
a	O
computer	O
is	O
not	O
only	O
secured	O
for	O
its	O
owner	O
,	O
but	O
also	O
secured	O
against	O
its	O
owner	O
as	O
well	O
.	O
On	O
April	O
3	O
,	O
2000	O
,	O
a	O
judgment	O
was	O
handed	O
down	O
in	O
the	O
case	O
of	O
United	O
States	O
v	O
.	O
Microsoft	O
,	O
calling	O
the	O
company	O
an	O
"	O
abusive	O
monopoly	O
"	O
;	O
-LRB-	O
33	O
-RRB-	O
it	O
settled	O
with	O
the	O
U	O
.	O
S	O
.	O
Department	O
of	O
Justice	O
in	O
2004	O
.	O
-LRB-	O
12	O
-RRB-	O
On	O
October	O
25	O
,	O
2001	O
Microsoft	O
released	O
Windows	O
XP	O
,	O
unifying	O
the	O
mainstream	O
and	O
NT	O
lines	O
under	O
the	O
NT	O
codebase	O
.	O
-LRB-	O
34	O
-RRB-	O
The	O
company	O
released	O
the	O
Xbox	O
later	O
that	O
year	O
,	O
entering	O
the	O
game	O
console	O
market	O
dominated	O
by	O
Sony	O
and	O
Nintendo	O
.	O
-LRB-	O
35	O
-RRB-	O
In	O
March	O
2004	O
the	O
European	O
Union	O
brought	O
antitrust	O
legal	O
action	O
against	O
the	O
company	O
,	O
citing	O
it	O
abused	O
its	O
dominance	O
with	O
the	O
Windows	O
OS	O
,	O
resulting	O
in	O
a	O
judgment	O
of	O
?97	O
million	O
(	O
$613	O
million	O
)	O
and	O
to	O
produce	O
new	O
versions	O
of	O
Windows	O
XP	O
without	O
Windows	O
Media	O
Player	O
,	O
Windows	O
XP	O
Home	O
Edition	O
N	O
and	O
Windows	O
XP	O
Professional	O
N	O
.	O
-LRB-	O
36	O
-RRB-	O
-LRB-	O
37	O
-RRB-	O
CEO	O
Steve	O
Ballmer	O
at	O
the	O
MIX	O
event	O
in	O
2008	O
.	O
In	O
an	O
interview	O
about	O
his	O
management	O
style	O
in	O
2005	O
,	O
he	O
mentioned	O
that	O
his	O
first	O
priority	O
was	O
to	O
get	O
the	O
people	O
he	O
delegates	O
to	O
in	O
order	O
.	O
Ballmer	O
also	O
emphasized	O
the	O
need	O
to	O
continue	O
pursuing	O
new	O
technologies	O
even	O
if	O
initial	O
attempts	O
fail	O
,	O
citing	O
the	O
original	O
attempts	O
with	O
Windows	O
as	O
an	O
example	O
.	O
-LRB-	O
38	O
-RRB-	O
Released	O
in	O
January	O
2007	O
,	O
the	O
next	O
version	O
of	O
Windows	O
,	O
Windows	O
Vista	O
,	O
focused	O
on	O
features	O
,	O
security	O
,	O
and	O
a	O
redesigned	O
user	O
interface	O
dubbed	O
Aero	O
.	O
-LRB-	O
39	O
-RRB-	O
-LRB-	O
40	O
-RRB-	O
Microsoft	O
Office	O
2007	O
,	O
released	O
at	O
the	O
same	O
time	O
,	O
featured	O
a	O
"	O
Ribbon	O
"	O
user	O
interface	O
which	O
was	O
a	O
significant	O
departure	O
from	O
its	O
predecessors	O
.	O
Relatively	O
strong	O
sales	O
of	O
both	O
titles	O
helped	O
to	O
produce	O
a	O
record	O
profit	O
in	O
2007	O
.	O
-LRB-	O
41	O
-RRB-	O
The	O
European	O
Union	O
imposed	O
another	O
fine	O
of	O
?99	O
million	O
(	O
$1	O
.	O
4	O
billion	O
)	O
for	O
Microsoft	O
's	O
lack	O
of	O
compliance	O
with	O
the	O
March	O
2004	O
judgment	O
on	O
February	O
27	O
,	O
2008	O
,	O
saying	O
that	O
the	O
company	O
charged	O
rivals	O
unreasonable	O
prices	O
for	O
key	O
information	O
about	O
its	O
workgroup	O
and	O
backoffice	O
servers	O
.	O
Microsoft	O
stated	O
that	O
it	O
was	O
in	O
compliance	O
and	O
that	O
"	O
these	O
fines	O
are	O
about	O
the	O
past	O
issues	O
that	O
have	O
been	O
resolved	O
"	O
.	O
-LRB-	O
42	O
-RRB-	O
Bill	O
Gates	O
retired	O
from	O
his	O
role	O
as	O
Chief	O
Software	O
Architect	O
on	O
June	O
27	O
,	O
2008	O
while	O
retaining	O
other	O
positions	O
related	O
to	O
the	O
company	O
in	O
addition	O
to	O
being	O
an	O
advisor	O
for	O
the	O
company	O
on	O
key	O
projects	O
.	O
-LRB-	O
43	O
-RRB-	O
Azure	O
Services	O
Platform	O
,	O
the	O
company	O
's	O
entry	O
into	O
the	O
cloud	O
computing	O
market	O
for	O
Windows	O
,	O
launched	O
on	O
October	O
27	O
,	O
2008	O
.	O
-LRB-	O
44	O
-RRB-	O
On	O
February	O
12	O
,	O
2009	O
,	O
Microsoft	O
announced	O
its	O
intent	O
to	O
open	O
a	O
chain	O
of	O
retail	O
stores	O
,	O
and	O
on	O
October	O
22	O
,	O
2009	O
the	O
first	O
retail	O
Microsoft	O
Store	O
opened	O
in	O
Scottsdale	O
,	O
Arizona	O
;	O
the	O
same	O
day	O
the	O
first	O
store	O
opened	O
Windows	O
7	O
was	O
officially	O
released	O
to	O
the	O
public	O
.	O
Windows	O
7	O
's	O
focus	O
was	O
on	O
refining	O
Vista	O
with	O
ease	O
of	O
use	O
features	O
and	O
performance	O
enhancements	O
,	O
rather	O
than	O
a	O
large	O
reworking	O
of	O
Windows	O
.	O
-LRB-	O
45	O
-RRB-	O
-LRB-	O
46	O
-RRB-	O
-LRB-	O
47	O
-RRB-	O
For	O
the	O
2010	O
fiscal	O
year	O
,	O
Microsoft	O
had	O
five	O
product	O
divisions	O
:	O
Windows	O
&	O
Windows	O
Live	O
Division	O
,	O
Server	O
and	O
Tools	O
,	O
Online	O
Services	O
Division	O
,	O
Microsoft	O
Business	O
Division	O
,	O
and	O
Entertainment	O
and	O
Devices	O
Division	O
.	O
Microsoft	O
provides	O
IT	O
consulting	O
(	O
"	O
Microsoft	O
Consulting	O
Services	O
"	O
)	O
and	O
produces	O
a	O
set	O
of	O
certification	O
programs	O
handled	O
by	O
the	O
Server	O
and	O
Tools	O
division	O
designed	O
to	O
recognize	O
individuals	O
who	O
have	O
a	O
minimal	O
set	O
of	O
proficiencies	O
in	O
a	O
specific	O
role;	O
this	O
includes	O
developers	O
(	O
"	O
Microsoft	O
Certified	O
Solution	O
Developer	O
"	O
)	O
,	O
system/network	O
analysts	O
(	O
"	O
Microsoft	O
Certified	O
Systems	O
Engineer	O
"	O
)	O
,	O
trainers	O
(	O
"	O
Microsoft	O
Certified	O
Trainers	O
"	O
)	O
and	O
administrators	O
(	O
"	O
Microsoft	O
Certified	O
Systems	O
Administrator	O
"	O
and	O
"	O
Microsoft	O
Certified	O
Database	O
Administrator	O
"	O
)	O
.	O
Microsoft	O
Press	O
,	O
which	O
publishes	O
books	O
,	O
is	O
also	O
managed	O
by	O
the	O
division	O
.	O
The	O
Online	O
Services	O
Business	O
division	O
handles	O
the	O
online	O
service	O
MSN	O
and	O
the	O
search	O
engine	O
Bing	O
.	O
As	O
of	O
December	O
2009	O
,	O
the	O
company	O
also	O
possesses	O
an	O
18%	O
ownership	O
of	O
the	O
cable	O
news	O
channel	O
MSNBC	O
without	O
any	O
editorial	O
control;	O
however	O
,	O
the	O
division	O
develops	O
the	O
channel	O
's	O
website	O
,	O
msnbc	O
.	O
com	O
,	O
in	O
a	O
joint	O
venture	O
with	O
the	O
channel	O
's	O
co-owner	O
,	O
NBC	O
Universal	O
.	O
-LRB-	O
48	O
-RRB-	O
Shanghai	O
Jiao	O
Tong	O
University	O
,	O
is	O
a	O
top	O
public	O
research	O
university	O
located	O
in	O
Shanghai	O
,	O
China	O
.	O
Shanghai	O
Jiao	O
Tong	O
University	O
is	O
known	O
as	O
one	O
of	O
the	O
oldest	O
and	O
most	O
prestigious	O
universities	O
in	O
China	O
.	O
It	O
is	O
also	O
a	O
member	O
of	O
the	O
C9	O
League	O
in	O
China	O
.	O
Shanghai	O
Jiao	O
Tong	O
also	O
annually	O
produces	O
the	O
respected	O
Academic	O
Ranking	O
of	O
World	O
Universities	O
.	O
In	O
1896	O
,	O
Nanyang	O
Public	O
School	O
was	O
founded	O
in	O
Shanghai	O
by	O
an	O
imperial	O
edict	O
issued	O
by	O
Guangxu	O
Emperor	O
,	O
under	O
the	O
Business	O
and	O
Telegraphs	O
Office	O
of	O
the	O
imperial	O
government	O
.	O
Four	O
schools	O
were	O
established	O
:	O
the	O
normal	O
school	O
,	O
school	O
of	O
foreign	O
studies	O
,	O
middle	O
school	O
and	O
a	O
high	O
school	O
.	O
Sheng	O
Xuanhuai	O
,	O
the	O
proposer	O
of	O
the	O
edict	O
,	O
became	O
the	O
first	O
president	O
and	O
was	O
regarded	O
as	O
the	O
founder	O
of	O
the	O
university	O
.	O
In	O
1904	O
,	O
the	O
Ministry	O
of	O
Commerce	O
took	O
over	O
the	O
school	O
,	O
and	O
one	O
year	O
later	O
changed	O
its	O
name	O
to	O
Imperial	O
Polytechnic	O
College	O
of	O
the	O
Commerce	O
Ministry	O
.	O
In	O
1906	O
,	O
the	O
college	O
was	O
placed	O
under	O
the	O
Ministry	O
of	O
Posts	O
and	O
Telegraphs	O
,	O
and	O
its	O
name	O
was	O
changed	O
to	O
Shanghai	O
Industrial	O
College	O
of	O
the	O
Ministry	O
of	O
Posts	O
and	O
Telegraphs	O
.	O
When	O
the	O
Republic	O
of	O
China	O
was	O
founded	O
,	O
the	O
college	O
was	O
run	O
by	O
the	O
Ministry	O
of	O
Communications	O
and	O
its	O
name	O
was	O
once	O
again	O
changed	O
,	O
this	O
time	O
to	O
Government	O
Institute	O
of	O
Technology	O
of	O
the	O
Communications	O
Ministry	O
.	O
In	O
1918	O
,	O
the	O
republic	O
government	O
founded	O
the	O
School	O
of	O
Management	O
and	O
it	O
became	O
one	O
of	O
the	O
oldest	O
academic	O
institutes	O
.	O
In	O
1920	O
,	O
the	O
institute	O
merged	O
with	O
two	O
other	O
colleges	O
and	O
changed	O
its	O
name	O
to	O
Nan	O
Yang	O
College	O
of	O
Chiao	O
Tung	O
.	O
In	O
the	O
1930s	O
,	O
it	O
was	O
known	O
as	O
the	O
"	O
Eastern	O
MIT	O
"	O
-LRB-	O
3	O
-RRB-	O
due	O
to	O
its	O
reputation	O
of	O
nurturing	O
top	O
engineers	O
.	O
In	O
1938	O
,	O
the	O
Ministry	O
of	O
Education	O
took	O
over	O
the	O
university	O
and	O
renamed	O
it	O
National	O
Chiao	O
Tung	O
University	O
.	O
In	O
1943	O
,	O
the	O
graduate	O
school	O
was	O
founded	O
.	O
After	O
the	O
Chinese	O
Civil	O
War	O
in	O
1949	O
,	O
the	O
new	O
Communist	O
government	O
adopted	O
a	O
policy	O
of	O
creating	O
Soviet-style	O
specialized	O
schools	O
.	O
Under	O
this	O
policy	O
,	O
some	O
faculties	O
of	O
the	O
university	O
were	O
incorporated	O
into	O
other	O
universities	O
.	O
At	O
the	O
same	O
time	O
,	O
engineering	O
faculties	O
from	O
outside	O
were	O
absorbed	O
to	O
create	O
a	O
specialized	O
engineering	O
university	O
.	O
A	O
bigger	O
rearrangement	O
came	O
in	O
1956	O
for	O
the	O
school	O
when	O
the	O
national	O
government	O
decided	O
to	O
send	O
a	O
significant	O
amount	O
of	O
its	O
faculties	O
to	O
Xi'an	O
to	O
help	O
create	O
another	O
top	O
engineering	O
school	O
-	O
Xi'an	O
Jiaotong	O
University	O
in	O
western	O
Chinese	O
province	O
Shaanxi	O
.	O
Afterwards	O
,	O
the	O
school	O
was	O
officially	O
renamed	O
Shanghai	O
Jiao	O
Tong	O
University	O
.	O
Shanghai	O
Second	O
Medical	O
University	O
was	O
merged	O
into	O
Shanghai	O
Jiao	O
Tong	O
University	O
on	O
July	O
18	O
,	O
2005	O
,	O
under	O
the	O
name	O
Medical	O
School	O
of	O
Shanghai	O
Jiao	O
Tong	O
University	O
.	O
At	O
present	O
,	O
the	O
university	O
comprises	O
20	O
academic	O
schools	O
,	O
two	O
directly	O
affiliated	O
departments	O
and	O
one	O
graduate	O
school	O
.	O
It	O
also	O
has	O
a	O
School	O
of	O
Continuing	O
Education/nt	O
,	O
School	O
of	O
Online	O
Learning	O
,	O
School	O
of	O
International	O
Education	O
,	O
and	O
a	O
Vocational	O
School	O
.	O
There	O
are	O
60	O
undergraduate	O
programs	O
,	O
179	O
master-degree	O
programs	O
,	O
6	O
professional	O
master-degree	O
programs	O
,	O
22	O
disciplines	O
and	O
143	O
sub-disciplines	O
authorized	O
to	O
confer	O
Ph	O
.	O
D	O
degrees	O
,	O
23	O
post-doctorate	O
programs	O
,	O
22	O
state	O
key	O
doctorate	O
programs	O
and	O
six	O
state	O
key	O
laboratories	O
and	O
four	O
national	O
engineering	O
centers	O
.	O
Its	O
total	O
enrollment	O
of	O
full-time	O
students	O
amounts	O
over	O
38	O
,	O
000	O
.	O
There	O
are	O
19	O
,	O
432	O
undergraduates	O
,	O
13	O
,	O
628	O
candidates	O
for	O
Master	O
's	O
Degree	O
and	O
Doctor	O
's	O
Degree	O
and	O
2	O
,	O
080	O
foreign	O
students	O
-LRB-	O
4	O
-RRB-	O
.	O
The	O
university	O
has	O
more	O
than	O
1	O
,	O
420	O
professors	O
and	O
associate	O
professors	O
,	O
including	O
15	O
academicians	O
of	O
the	O
Chinese	O
Academy	O
of	O
Sciences	O
,	O
20	O
academicians	O
of	O
the	O
Chinese	O
Academy	O
of	O
Engineering	O
,	O
seven	O
chief	O
scientists	O
of	O
the	O
national	O
973	O
project	O
and	O
31	O
"	O
Cheung	O
Kong	O
Scholars	O
"	O
.	O
Since	O
2003	O
,	O
Shanghai	O
Jiao	O
Tong	O
University	O
has	O
produced	O
the	O
Academic	O
Ranking	O
of	O
World	O
Universities	O
-LRB-	O
5	O
-RRB-	O
which	O
analyzes	O
the	O
top	O
universities	O
in	O
the	O
world	O
on	O
quality	O
of	O
faculty	O
(	O
40%	O
)	O
,	O
research	O
output	O
(	O
40%	O
)	O
,	O
quality	O
of	O
education	O
(	O
10%	O
)	O
and	O
performance	O
vs	O
.	O
size	O
(	O
10%	O
)	O
.	O
-LRB-	O
6	O
-RRB-	O
Its	O
ranking	O
is	O
exclusively	O
of	O
research	O
universities	O
,	O
mainly	O
in	O
the	O
empirical	O
sciences	O
.	O
The	O
actual	O
ranking	O
is	O
in	O
the	O
pipeline	O
.	O
The	O
previous	O
main	O
campus	O
was	O
located	O
in	O
Xuhui	O
,	O
Shanghai	O
,	O
formerly	O
a	O
largely	O
Catholic	O
area	O
and	O
a	O
site	O
of	O
several	O
educational	O
institutions	O
.	O
Most	O
buildings	O
on	O
campus	O
were	O
influenced	O
by	O
American	O
architecture	O
,	O
while	O
the	O
main	O
gate	O
,	O
which	O
was	O
built	O
in	O
1935	O
,	O
is	O
of	O
traditional	O
Chinese	O
style	O
reflecting	O
the	O
University	O
's	O
earlier	O
status	O
as	O
the	O
"	O
Imperial	O
Polytechnic	O
College	O
"	O
.	O
The	O
approaches	O
to	O
the	O
main	O
gate	O
were	O
via	O
a	O
series	O
of	O
marble	O
bridges	O
,	O
similar	O
to	O
,	O
although	O
smaller	O
than	O
,	O
those	O
built	O
in	O
front	O
of	O
Tiananmen	O
.	O
However	O
,	O
recent	O
road	O
expansions	O
have	O
demolished	O
the	O
river	O
as	O
well	O
as	O
most	O
of	O
bridges	O
.	O
A	O
copy	O
of	O
this	O
famous	O
gate	O
scene	O
have	O
been	O
built	O
on	O
the	O
east	O
of	O
Minhang	O
campus	O
.	O
The	O
construction	O
of	O
the	O
campus	O
never	O
came	O
to	O
an	O
end	O
in	O
the	O
past	O
century	O
.	O
Existing	O
buildings	O
:	O
the	O
Medium	O
College	O
building	O
(	O
built	O
in	O
1898	O
)	O
,	O
the	O
original	O
library	O
(	O
built	O
in	O
1919	O
)	O
,	O
the	O
gymnasium	O
(	O
built	O
in	O
1925	O
)	O
,	O
the	O
administrative	O
building	O
(	O
built	O
in	O
1933	O
)	O
,	O
the	O
Xinjian	O
building	O
(	O
built	O
in	O
1953	O
)	O
,	O
the	O
new	O
Upper	O
College	O
building	O
(	O
built	O
in	O
1955	O
)	O
,	O
the	O
second	O
teaching	O
building	O
(	O
built	O
in	O
1960	O
)	O
,	O
Bao	O
Zhaolong	O
library	O
(	O
built	O
in	O
1985	O
)	O
and	O
Haoran	O
high-tech	O
building	O
(	O
built	O
in	O
1996	O
)	O
were	O
constructed	O
one	O
after	O
another	O
.	O
The	O
university	O
's	O
School	O
of	O
International	O
Education	O
is	O
located	O
here	O
,	O
where	O
a	O
large	O
number	O
of	O
international	O
students	O
take	O
classes	O
throughout	O
the	O
academic	O
year	O
(	O
however	O
,	O
most	O
international	O
students	O
that	O
take	O
degree	O
courses	O
are	O
in	O
Minhang	O
campus	O
)	O
.	O
The	O
campus	O
still	O
houses	O
a	O
variety	O
of	O
scientific	O
research	O
institutions	O
,	O
State	O
Key	O
Laboratory	O
of	O
Ocean	O
Engineering	O
,	O
for	O
instance	O
,	O
although	O
most	O
moved	O
to	O
the	O
new	O
campus	O
since	O
1987	O
.	O
The	O
Minhang	O
campus	O
is	O
located	O
in	O
the	O
Minhang	O
District	O
on	O
the	O
outskirts	O
of	O
metropolitan	O
Shanghai	O
.	O
This	O
young	O
campus	O
,	O
which	O
was	O
founded	O
in	O
1987	O
,	O
covers	O
2	O
,	O
822	O
,	O
903m2	O
once	O
farmland	O
.	O
Zizhu	O
Science	O
Park	O
,	O
where	O
Intel	O
,	O
ST	O
Microelectronics	O
,	O
Microsoft	O
and	O
other	O
high-tech	O
companies	O
put	O
their	O
research	O
and	O
development	O
centers	O
,	O
is	O
to	O
the	O
south	O
of	O
the	O
campus	O
.	O
Currently	O
,	O
most	O
administrative	O
and	O
academic	O
framework	O
of	O
the	O
university	O
and	O
the	O
majority	O
of	O
undergraduate	O
and	O
graduate	O
students	O
have	O
situated	O
in	O
this	O
campus	O
,	O
which	O
is	O
now	O
accompanied	O
by	O
the	O
newly	O
built	O
Minhang	O
Campus	O
of	O
East	O
China	O
Normal	O
University	O
.	O
Tencent	O
Holdings	O
Limited	O
(	O
SEHK	O
:	O
700	O
)	O
is	O
a	O
publicly-owned	O
holding	O
company	O
whose	O
subsidiaries	O
provide	O
internet	O
and	O
mobile	O
phone	O
value-added	O
services	O
and	O
operate	O
online	O
advertising	O
services	O
in	O
China	O
.	O
Tencent	O
's	O
diverse	O
services	O
include	O
social	O
networks	O
,	O
Web	O
portals	O
,	O
e-commerce	O
,	O
and	O
multiplayer	O
online	O
games	O
.	O
-LRB-	O
1	O
-RRB-	O
It	O
operates	O
the	O
well-known	O
instant	O
messenger	O
Tencent	O
QQ	O
-LRB-	O
2	O
-RRB-	O
-LRB-	O
3	O
-RRB-	O
and	O
runs	O
one	O
of	O
the	O
largest	O
web	O
portals	O
in	O
China	O
,	O
QQ	O
.	O
com	O
-LRB-	O
4	O
-RRB-	O
Annual	O
revenue	O
for	O
2009	O
reached	O
US$1	O
.	O
8	O
billion	O
with	O
net	O
profit	O
hitting	O
US$760	O
million	O
,	O
making	O
it	O
the	O
most	O
profitable	O
Internet	O
company	O
in	O
China	O
.	O
-LRB-	O
5	O
-RRB-	O
As	O
of	O
November	O
2010	O
,	O
the	O
company	O
is	O
the	O
third	O
largest	O
Internet	O
company	O
in	O
the	O
world	O
behind	O
Google	O
and	O
Amazon	O
with	O
a	O
market	O
capitalization	O
of	O
US$38	O
billion	O
.	O
-LRB-	O
6	O
-RRB-	O
QQ-branded	O
credit	O
cardTencent	O
was	O
founded	O
by	O
Ma	O
Huateng	O
and	O
Zhang	O
Zhidong	O
in	O
November	O
,	O
1998	O
-LRB-	O
7	O
-RRB-	O
as	O
Tencent	O
Inc	O
,	O
-LRB-	O
8	O
-RRB-	O
with	O
money	O
from	O
US	O
venture	O
capitalists	O
.	O
-LRB-	O
9	O
-RRB-	O
Tencent	O
Holding	O
Ltd	O
was	O
listed	O
on	O
the	O
Hong	O
Kong	O
Stock	O
Exchange	O
on	O
June	O
16	O
,	O
2004	O
-LRB-	O
8	O
-RRB-	O
.	O
Tencent	O
remained	O
unprofitable	O
for	O
its	O
first	O
three	O
years	O
,	O
-LRB-	O
7	O
-RRB-	O
but	O
by	O
2000	O
its	O
OICQ	O
messenger	O
had	O
40	O
million	O
registered	O
users	O
.	O
South	O
African	O
Naspers	O
purchased	O
a	O
46%	O
share	O
of	O
the	O
company	O
in	O
2001	O
(	O
as	O
of	O
2009	O
,	O
they	O
own	O
35	O
.	O
04%	O
)	O
.	O
-LRB-	O
11	O
-RRB-	O
It	O
was	O
during	O
these	O
early	O
years	O
that	O
Tencent	O
's	O
messenger	O
product	O
had	O
its	O
name	O
changed	O
to	O
QQ	O
,	O
this	O
was	O
said	O
to	O
be	O
due	O
to	O
a	O
(	O
apocryphal	O
)	O
lawsuit	O
from	O
ICQ	O
itself	O
.	O
-LRB-	O
7	O
-RRB-	O
Originally	O
the	O
company	O
derived	O
income	O
solely	O
from	O
advertising	O
and	O
"	O
premium	O
"	O
users	O
of	O
QQ	O
,	O
who	O
pay	O
monthly	O
fees	O
to	O
receive	O
added	O
extras	O
.	O
-LRB-	O
7	O
-RRB-	O
But	O
by	O
2005	O
,	O
charging	O
for	O
use	O
of	O
QQ	O
mobile	O
,	O
its	O
cellular	O
value-added	O
service	O
,	O
and	O
licensing	O
its	O
iconic	O
penguin	O
character	O
,	O
which	O
can	O
now	O
be	O
found	O
on	O
snack	O
food	O
-LRB-	O
12	O
-RRB-	O
and	O
clothing	O
,	O
-LRB-	O
7	O
-RRB-	O
had	O
become	O
income	O
generators	O
.	O
-LRB-	O
7	O
-RRB-	O
And	O
more	O
recently	O
,	O
Tencent	O
has	O
also	O
seen	O
profit	O
from	O
sale	O
of	O
virtual	O
goods	O
.	O
-LRB-	O
4	O
-RRB-	O
-LRB-	O
13	O
-RRB-	O
-LRB-	O
14	O
-RRB-	O
-LRB-	O
15	O
-RRB-	O
As	O
of	O
2009	O
,	O
the	O
company	O
held	O
400	O
patents	O
.	O
-LRB-	O
16	O
-RRB-	O
Tencent	O
Holdings	O
Ltd	O
is	O
incorporated	O
in	O
the	O
Cayman	O
Islands	O
.	O
-LRB-	O
17	O
-RRB-	O
The	O
name	O
"	O
Tencent	O
"	O
is	O
derived	O
from	O
the	O
Chinese	O
phrase	O
"	O
十分	O
"	O
.	O
The	O
first	O
character	O
十	O
is	O
the	O
number	O
10	O
.	O
The	O
second	O
character	O
分	O
is	O
a	O
measurement	O
that	O
can	O
be	O
used	O
to	O
represent	O
one	O
cent	O
,	O
where	O
one	O
分	O
is	O
a	O
one-hundredth	O
subdivision	O
of	O
one	O
yuan	O
.	O
The	O
word	O
分	O
traditionally	O
refers	O
to	O
1/10	O
of	O
something	O
,	O
and	O
is	O
used	O
in	O
common	O
Chinese	O
phrases	O
like	O
"	O
十分	O
"	O
to	O
describe	O
100%	O
,	O
perfection	O
,	O
or	O
"	O
very	O
"	O
.	O
For	O
example	O
,	O
"	O
十分强大	O
"	O
would	O
translate	O
to	O
"	O
very	O
powerful	O
"	O
.	O
However	O
,	O
the	O
Chinese	O
name	O
for	O
the	O
company	O
is	O
not	O
"	O
十分	O
"	O
.	O
Instead	O
,	O
it	O
is	O
a	O
loose	O
transliteration	O
of	O
"	O
Tencent	O
"	O
.	O
Tencent	O
sells	O
virtual	O
goods	O
-LRB-	O
15	O
-RRB-	O
for	O
use	O
in	O
their	O
MMOs	O
,	O
-LRB-	O
14	O
-RRB-	O
IM	O
client	O
,	O
social	O
networking	O
sites	O
,	O
-LRB-	O
18	O
-RRB-	O
and	O
for	O
mobile	O
phones	O
.	O
-LRB-	O
14	O
-RRB-	O
-LRB-	O
19	O
-RRB-	O
Income	O
from	O
the	O
sale	O
of	O
virtual	O
goods	O
was	O
a	O
large	O
proportion	O
of	O
Tencent	O
's	O
revenue	O
in	O
2009	O
.	O
-LRB-	O
4	O
-RRB-	O
-LRB-	O
13	O
-RRB-	O
-LRB-	O
14	O
-RRB-	O
Tencent	O
's	O
online	O
currency	O
,	O
Q	O
Coins	O
,	O
can	O
be	O
used	O
to	O
purchase	O
virtual	O
goods	O
.	O
-LRB-	O
20	O
-RRB-	O
These	O
range	O
from	O
the	O
offbeat	O
,	O
such	O
as	O
virtual	O
pets	O
,	O
-LRB-	O
21	O
-RRB-	O
and	O
the	O
virtual	O
clothing	O
,	O
jewelry	O
and	O
cosmetics	O
needed	O
to	O
customize	O
online-game	O
avatars	O
,	O
-LRB-	O
22	O
-RRB-	O
to	O
the	O
more	O
mundane	O
,	O
such	O
as	O
more	O
storage	O
space	O
,	O
wallpapers	O
,	O
bigger	O
photo	O
albums	O
-LRB-	O
18	O
-RRB-	O
and	O
ring	O
tones	O
.	O
-LRB-	O
19	O
-RRB-	O
Tencent	O
's	O
products	O
and	O
services	O
span	O
seven	O
main	O
business	O
lines	O
:	O
IM	O
services	O
,	O
Online	O
Media	O
,	O
Mobile	O
&	O
Telecommunications	O
Value-added	O
Services	O
,	O
Interactive	O
Entertainment	O
Service	O
,	O
Internet	O
Value-added	O
Services	O
and	O
E-commerce	O
and	O
Online	O
Advertising	O
Service	O
.	O
-LRB-	O
23	O
-RRB-	O
The	O
below	O
is	O
an	O
incomplete	O
list	O
,	O
a	O
more	O
exhaustive	O
list	O
can	O
be	O
found	O
here	O
.	O
